run,potential,precision,recall,f1,map_at_k,potential_at_k,accuracy_at_k_top_1
EN-BenchLSDataProvider,0.24434876210979548,0.032615715823466174,0.05652127957963751,0.03612685954602163,0.0908799479774767,0.24434876210979548,0.11517761033369214
DE-GermanEvalDataProvider,0.35096153846153844,0.05471153846153875,0.09969261907963851,0.06703639280100294,0.1247293109791995,0.35096153846153844,0.18365384615384617
