run,potential,precision,recall,f1,map_at_k,potential_at_k,accuracy_at_k_top_1
EN-BenchLSDataProvider,0.9052744886975242,0.2365984930032276,0.4097463440716881,0.270033167832273,0.14291126958497785,0.9052744886975242,0.6846071044133477
DE-GermanEvalDataProvider,0.006730769230769231,0.000673076923076923,0.0009863400488400488,0.0007859959098349192,0.042352483459551886,0.006730769230769231,0.0019230769230769232
