run,potential,precision,recall,f1,map_at_k,potential_at_k,accuracy_at_k_top_1
EN-BenchLSDataProvider,0.7578040904198062,0.15877287405812607,0.27485285318401353,0.18079960965842198,0.13132259871715704,0.7578040904198062,0.4897739504843918
DE-GermanEvalDataProvider,0.1576923076923077,0.019230769230769242,0.0345494889725659,0.023648336255414657,0.11391134080590913,0.1576923076923077,0.06442307692307692
